68,8,3,59,80,0,7,2,5,7,10,7,104,39,12,3,2,1,5,4,5,28,13,1,0,7,0,144,5,16,1,0,1,14,7,51,6,2,6,21,3,1,4,3,39,16,20,0,115,9
0,2,0,3,5,0,3,5,5,10,16,18,2,28,9,3,1,0,1,1,5,14,0,3,2,15,10,16,0,6,49,1,7,16,0,31,6,0,13,0,14,7,17,1,4,14,1,2,10,6
3,32,0,11,0,0,0,9,7,5,0,4,19,4,0,52,2,4,2,4,0,4,17,3,2,4,1,7,22,23,4,7,7,3,50,0,0,1,24,1,6,2,1,0,6,14,2,2,42,19
13,1,11,17,2,0,2,20,0,2,45,5,4,7,2,5,1,8,13,0,6,6,14,1,1,12,5,0,8,7,0,10,5,5,6,19,4,22,14,4,0,21,0,13,48,8,10,11,11,2
56,24,0,2,4,1,12,27,31,4,0,7,7,3,21,9,3,7,106,10,20,3,7,3,6,17,1,0,1,3,2,1,9,5,97,0,10,19,1,2,0,2,15,3,0,5,10,7,5,5
3,0,5,3,10,8,1,2,2,8,2,4,21,14,1,6,2,0,4,0,7,1,0,0,2,5,20,1,14,3,0,1,5,9,2,13,1,4,17,0,7,3,36,17,23,0,1,0,5,3
5,46,1,14,14,6,41,33,61,3,1,3,13,10,0,22,2,8,14,0,21,1,9,10,14,34,6,18,6,1,19,1,32,15,6,59,15,21,77,2,1,1,162,22,5,7,1,0,0,0
4,13,0,2,41,26,11,1,23,8,1,6,27,45,1,20,16,2,0,4,11,5,2,5,1,9,19,13,5,2,13,78,1,47,5,1,3,24,0,0,9,6,0,10,6,24,15,4,3,1
1,4,7,8,6,1,4,1,1,28,14,59,1,11,127,2,7,7,9,3,9,62,3,90,23,9,8,130,30,10,7,3,1,3,49,2,31,3,7,2,4,16,0,5,49,12,12,1,0,6
13,12,0,1,5,11,3,133,5,4,4,2,21,32,0,2,3,1,32,3,6,3,0,39,0,2,4,2,5,2,1,6,26,42,4,3,1,13,1,1,40,4,155,3,21,4,1,3,2,1
2,10,1,8,16,4,2,5,54,2,5,4,8,2,43,6,13,41,6,4,4,15,8,0,4,20,7,11,0,41,6,0,12,10,8,2,4,1,1,16,5,7,1,2,5,8,11,29,5,4
17,0,3,0,4,6,8,4,1,2,0,8,16,8,5,14,3,25,1,5,4,2,6,4,1,2,3,0,0,12,9,12,5,18,6,1,18,16,1,7,3,1,37,13,40,6,3,6,0,8
0,3,2,22,3,2,1,2,14,17,5,11,9,9,22,16,13,6,7,6,30,1,10,0,16,9,8,21,3,1,13,14,7,4,11,4,4,3,6,1,0,0,3,6,2,1,10,1,2,2
9,8,14,12,7,17,5,0,20,2,14,14,4,3,40,7,1,1,7,10,10,73,3,41,0,5,16,36,5,11,0,11,1,16,6,87,7,27,10,52,7,3,16,2,1,5,5,3,65,0
1,60,17,0,11,9,25,11,1,11,2,6,5,0,7,7,22,91,17,37,16,12,3,51,9,3,13,63,9,4,3,12,0,1,9,20,5,0,10,26,1,27,2,0,16,0,128,2,58,62
3,13,1,12,0,4,9,6,60,44,8,37,1,28,0,0,2,2,1,0,12,2,3,16,5,5,180,0,41,9,2,29,1,604,1,5,46,41,0,3,35,3,15,1,1,2,4,5,2,0
15,5,8,1,1,0,2,37,24,7,2,17,2,7,10,2,21,28,7,18,6,20,14,30,1,12,2,9,6,1,3,5,3,24,8,8,2,1,5,8,0,7,2,9,6,8,11,77,0,5
3,0,18,0,11,4,6,56,5,4,1,14,0,24,2,33,5,11,38,14,14,1,0,6,2,33,6,97,10,38,0,85,5,1,20,8,0,16,0,12,6,3,13,0,1,2,7,1,30,25
13,10,4,2,6,8,2,1,0,3,60,3,18,21,20,15,57,37,1,2,2,50,8,1,25,6,16,0,10,3,10,0,53,46,12,6,2,11,1,8,20,48,1,4,5,0,0,20,27,30
0,0,4,22,8,24,4,51,1,9,4,17,2,2,5,1,13,27,10,0,8,10,10,13,4,4,39,1,2,7,0,2,4,5,2,0,55,2,8,6,7,4,10,2,55,13,27,8,156,11
1,74,11,2,10,8,23,2,1,2,8,1,5,6,9,4,2,8,5,0,2,7,11,4,5,2,20,4,21,9,4,1,25,1,3,8,0,0,6,17,1,1,2,1,3,3,20,4,5,8
0,53,7,2,9,7,2,1,28,2,6,45,3,4,3,2,19,0,7,14,4,5,1,8,1,4,0,21,9,0,28,2,0,8,7,27,0,25,147,2,24,5,10,6,32,1,1,30,4,3
0,25,14,2,5,15,5,1,1,28,16,17,0,10,0,9,17,4,2,10,19,22,10,13,2,0,5,1,6,10,6,2,19,4,6,0,9,4,3,0,9,4,1,0,21,3,5,4,4,0
0,0,2,9,14,0,116,30,9,2,6,3,1,3,11,3,11,3,0,1,3,6,31,1,0,4,2,3,5,4,6,1,10,8,41,7,4,10,4,16,1,2,1,3,0,11,25,1,3,2
108,4,8,9,24,16,22,1,4,19,6,1,4,14,27,10,128,6,6,3,18,4,3,1,4,1,1,27,2,2,5,1,7,8,196,80,1,0,27,9,28,90,116,3,7,19,6,161,10,1
12,8,9,5,1,1,0,12,23,1,9,1,4,15,7,2,5,5,3,6,8,1,31,2,1,74,5,1,2,4,3,22,1,11,1,0,8,0,13,6,1,21,1,20,6,34,3,4,8,6
14,2,4,1,1,1,5,4,6,16,6,15,42,5,17,12,12,1,6,11,11,58,6,20,5,4,0,2,7,9,1,1,29,2,17,0,2,2,3,18,0,2,6,16,11,5,4,0,3,8
15,7,13,2,2,6,6,7,23,6,8,7,9,0,1,2,11,0,6,3,15,12,5,1,5,1,17,3,7,4,0,13,3,11,2,2,20,16,53,0,3,12,1,27,35,16,16,2,4,2
1,5,2,38,5,17,2,4,2,0,7,4,6,12,3,39,3,23,0,3,35,5,70,25,3,1,1,4,67,6,0,4,12,15,47,17,8,2,2,1,43,6,10,59,6,1,1,1,4,291
11,1,9,10,0,6,3,7,3,2,20,2,3,10,6,2,1,4,4,9,6,5,3,12,6,24,1,5,1,5,1,5,4,1,15,3,2,4,4,4,7,7,7,7,0,1,18,7,3,17
3,5,21,3,28,79,3,2,6,8,9,17,4,15,9,0,102,8,0,3,11,66,1,0,8,4,9,17,152,1,2,4,8,25,31,2,15,2,2,3,27,2,2,10,7,73,2,0,19,0
10,2,2,1,1,3,1,4,11,0,15,6,2,2,0,0,10,22,17,2,2,1,2,0,1,3,22,4,2,0,11,3,7,5,0,1,1,2,11,7,4,5,4,0,21,4,6,3,8,3
16,1,2,1,24,1,12,4,1,7,1,2,7,1,2,12,28,0,0,0,5,2,14,4,8,5,7,49,13,5,2,3,2,3,3,3,1,0,5,2,0,9,8,7,5,1,26,11,6,11
2,2,1,5,0,6,18,0,4,3,7,14,2,3,9,0,9,1,21,1,3,0,5,0,5,0,1,2,7,6,5,22,5,0,5,14,4,2,1,29,2,3,7,17,18,2,12,7,23,0
27,8,4,6,1,3,157,13,3,6,23,11,33,13,22,3,6,30,5,7,3,4,4,2,9,1,1,1,24,2,2,19,11,4,14,2,5,23,4,25,3,10,3,1,25,0,3,25,33,4
10,4,0,45,7,100,14,1,4,2,4,6,30,2,7,22,173,20,1,20,9,34,9,34,41,5,30,11,2,11,35,4,9,3,7,21,1,4,13,40,10,28,18,17,79,3,43,7,1,3
0,89,11,30,3,1,0,0,9,2,12,9,24,10,16,19,1,8,1,6,10,3,5,8,11,10,3,0,11,20,1,13,14,9,6,19,25,1,3,10,3,6,10,21,2,3,0,2,2,4
2,1,9,0,1,4,11,78,44,2,0,4,3,4,10,4,3,2,14,17,5,4,1,2,12,9,3,3,6,2,11,2,2,2,7,1,11,27,18,8,2,110,50,44,1,26,4,14,15,104
3,2,1,3,6,3,1,3,7,18,4,5,5,0,4,1,2,34,5,10,4,1,6,12,12,1,0,8,8,36,16,11,1,6,1,1,19,4,4,1,1,7,2,9,9,14,0,2,13,3
14,0,4,0,0,13,12,2,4,2,4,3,6,0,1,11,4,1,6,1,15,5,4,0,1,3,0,9,33,2,1,0,2,5,0,7,3,2,7,3,25,2,10,7,0,8,1,16,0,1
21,1,129,10,91,1,11,4,12,86,1,21,27,19,13,8,9,1,0,12,1,9,9,1,10,29,2,3,62,1,1,2,3,3,11,7,12,2,1,0,7,84,3,0,0,12,2,2,1,3
23,7,15,10,48,6,5,10,3,7,11,11,15,2,4,11,17,74,79,0,4,5,0,1,23,2,0,14,6,8,1,25,2,3,13,84,3,2,11,3,0,92,3,83,6,98,76,0,32,2
30,5,17,1,13,6,1,5,2,1,2,7,10,21,6,8,2,4,5,1,4,4,4,3,2,1,6,1,8,9,12,6,3,0,4,12,26,9,0,2,10,19,8,4,23,5,5,4,15,2
4,6,42,10,14,41,2,10,24,5,2,13,7,28,2,2,5,7,5,22,2,14,4,3,2,6,48,2,4,14,80,4,40,3,21,8,0,15,24,3,6,25,0,0,2,2,10,1,9,17
45,15,10,16,11,9,5,1,5,23,10,5,0,5,22,2,39,2,25,2,1,16,2,5,37,18,9,2,15,7,3,8,0,2,2,1,15,2,6,2,0,3,5,11,8,0,15,4,6,5
1,1,29,0,1,17,2,5,4,4,14,2,0,11,10,0,0,2,4,18,33,1,2,24,2,12,25,11,1,0,1,2,0,8,5,8,1,0,7,1,0,37,3,7,7,2,40,0,0,1
22,8,7,158,9,13,25,11,1,1,9,3,0,3,1,0,25,21,8,19,11,3,14,11,22,0,33,11,2,10,1,10,0,31,8,0,7,1,0,10,7,16,1,5,1,2,6,4,7,5
20,13,2,16,3,9,1,16,1,14,8,35,1,0,1,5,2,1,1,1,0,1,4,16,4,22,0,7,1,0,62,2,1,2,0,7,3,10,2,1,17,0,0,1,36,7,0,2,0,0
1,10,1,18,0,7,38,18,7,12,6,10,5,2,0,23,11,1,41,9,1,2,0,29,29,18,1,4,3,5,2,0,1,1,0,0,38,26,4,4,2,0,93,8,2,60,2,23,11,5
23,1,2,1,6,1,17,4,20,0,8,15,4,20,8,3,5,18,3,3,5,4,21,1,11,0,17,1,25,5,6,47,6,2,9,8,48,4,10,1,2,1,4,3,19,41,2,17,0,0
13,1,23,3,0,3,4,41,5,0,2,0,15,28,7,27,1,3,7,27,1,10,1,8,7,2,8,2,1,20,2,5,20,8,1,8,10,2,15,2,7,0,7,12,2,13,6,5,7,3
7,14,7,0,5,0,10,5,10,5,6,7,8,1,6,14,4,2,7,3,9,5,3,1,4,1,2,16,26,5,1,5,7,11,12,16,1,1,9,7,6,16,1,9,5,6,6,0,0,8
0,7,5,0,1,4,2,15,3,1,5,5,1,10,1,9,1,2,0,5,1,1,0,3,0,2,4,2,0,0,1,4,2,1,4,10,0,0,1,7,1,18,10,1,44,37,0,8,12,0
0,2,3,3,10,2,7,85,4,1,8,19,55,44,6,5,1,5,1,9,0,6,11,14,60,0,26,4,1,8,13,9,10,8,3,7,117,1,64,0,0,6,60,3,4,1,6,1,12,5
6,12,0,0,30,5,7,1,2,2,2,4,2,3,8,13,4,2,0,6,5,13,6,0,7,1,11,19,9,3,9,7,2,1,2,3,0,8,1,3,0,1,2,1,8,16,10,4,55,4
1,4,1,0,0,3,5,21,0,10,0,5,3,1,12,0,5,3,1,8,1,1,6,0,28,0,2,2,10,11,0,4,4,0,11,1,18,4,0,0,4,6,0,0,4,14,0,1,1,39
0,0,2,3,0,3,36,2,2,7,3,1,1,24,35,5,2,2,2,3,249,26,11,1,3,33,0,10,29,35,17,9,21,5,15,12,2,23,0,3,41,2,4,10,9,0,0,1,31,1
1,0,3,2,4,1,7,4,1,2,1,3,4,25,6,0,0,2,5,1,3,6,8,9,2,4,2,5,5,3,0,0,4,0,6,3,5,9,6,3,3,0,2,14,10,1,15,7,4,3
8,4,5,1,6,4,14,3,30,1,0,1,21,104,5,2,3,26,51,5,4,3,29,43,21,28,42,18,28,16,4,0,22,16,19,4,56,5,16,13,9,55,0,4,13,0,4,2,3,30
12,2,10,4,52,12,1,11,20,14,1,2,18,3,60,0,4,30,36,17,4,2,10,19,0,1,0,15,27,16,5,0,8,10,172,9,3,141,0,1,82,4,0,10,1,35,0,33,18,0
4,6,2,7,6,8,5,5,8,3,2,4,1,2,5,0,3,5,17,3,2,1,1,3,2,1,3,1,0,2,0,1,2,3,1,3,0,0,1,6,5,1,1,1,1,3,2,1,3,3
10,24,3,13,8,1,2,27,87,1,30,37,6,13,6,114,4,65,17,15,22,6,2,8,2,8,29,8,18,58,11,12,3,26,125,18,31,1,20,64,27,5,29,11,2,7,12,6,29,1
22,3,0,3,3,0,2,7,10,3,2,4,1,23,3,22,0,5,67,7,22,11,38,36,12,2,34,3,25,3,2,3,3,1,4,3,3,4,1,4,15,12,19,4,5,23,13,3,20,0
7,1,4,14,2,0,17,0,36,30,2,1,2,1,10,2,3,6,2,12,1,4,49,3,5,13,0,6,3,4,55,4,3,5,7,5,0,31,8,3,2,6,7,1,1,4,5,2,3,6
0,4,0,1,1,3,6,1,5,3,1,0,15,3,1,2,16,13,1,1,24,12,0,2,0,4,0,11,0,0,12,8,2,1,3,2,7,1,1,0,2,6,1,0,1,6,4,2,8,34
5,11,2,1,3,5,4,2,8,18,4,6,2,4,2,5,10,11,8,3,10,4,7,5,3,1,4,10,13,8,2,1,3,4,2,1,0,5,3,3,5,18,3,3,0,3,11,0,2,13
4,2,4,0,12,55,0,7,3,14,0,0,3,2,5,2,18,19,1,2,5,20,0,6,183,0,20,0,11,0,9,6,9,3,28,0,6,2,6,5,12,4,24,9,13,4,61,8,35,0
0,0,3,1,2,62,12,59,21,4,7,25,12,4,4,1,28,2,2,3,8,6,3,10,10,1,8,3,6,0,0,50,27,3,4,14,9,3,17,8,11,1,5,11,1,21,2,2,2,52
5,1,6,1,1,4,4,6,5,10,7,1,10,13,10,3,3,9,5,5,42,2,12,4,0,14,3,9,24,1,2,25,1,3,7,3,13,4,4,39,3,0,4,2,3,1,4,3,10,0
4,4,3,34,121,9,1,13,9,25,7,4,2,7,5,7,2,3,1,3,3,4,7,10,18,6,1,4,11,8,0,4,16,20,25,9,4,17,4,2,57,1,43,10,16,7,3,17,19,13
1,0,5,0,11,2,6,2,1,3,7,29,3,4,4,11,0,0,7,0,6,0,18,21,0,1,23,0,4,5,1,13,6,6,1,1,3,4,3,2,9,4,2,2,3,11,10,0,5,1
11,20,9,8,57,2,9,6,4,32,9,8,1,4,23,7,2,64,14,21,25,44,3,16,8,6,20,13,2,34,10,10,3,8,1,22,21,54,6,7,2,3,9,40,13,7,2,26,4,15
3,5,0,10,21,3,1,0,7,38,105,0,5,1,3,3,0,1,6,3,40,37,2,0,6,23,2,1,7,4,1,0,33,5,1,12,0,2,0,12,8,9,13,10,4,13,3,39,1,21
1,6,6,1,11,8,70,0,3,49,0,63,2,47,4,9,8,1,31,7,4,4,2,1,1,45,42,1,7,8,24,1,8,3,92,11,11,16,78,5,9,8,2,1,63,78,47,6,52,48
9,12,2,8,85,8,2,6,3,8,2,13,1,12,4,1,16,0,0,9,19,0,8,8,5,1,2,18,25,13,42,5,2,0,16,6,13,0,11,4,4,3,3,3,14,4,2,18,0,1
2,5,4,0,1,0,12,10,15,2,3,0,2,0,5,2,2,1,0,2,0,10,1,14,9,2,18,49,0,0,3,6,6,3,4,6,14,4,7,3,27,8,7,1,0,15,10,6,0,20
33,10,9,0,2,274,3,53,17,21,1,24,11,22,88,8,24,83,1,4,12,28,38,10,32,2,12,3,92,20,10,1,46,363,33,0,0,81,9,7,74,1,2,4,1,3,11,99,3,1
7,1,22,12,3,25,4,3,63,13,1,7,4,12,1,6,2,5,11,1,1,14,2,63,6,4,0,7,18,9,1,6,37,2,13,36,0,13,0,2,1,3,1,1,3,1,1,10,4,17
24,51,30,3,2,1,8,24,5,5,19,5,28,7,237,17,73,35,485,20,4,0,4,15,1,28,19,4,3,28,284,4,287,5,2,3,8,1,40,3,12,67,96,51,18,27,50,0,0,0
4,16,1,8,3,4,11,2,3,2,7,0,1,78,9,0,0,6,68,8,20,16,21,66,2,28,8,0,4,8,4,0,1,1,2,3,6,1,13,4,26,88,7,10,4,27,5,3,10,0
2,51,1,21,18,1,3,8,1,0,2,43,0,3,0,0,0,1,3,14,0,1,1,2,8,0,8,0,0,29,103,5,3,0,0,0,4,13,1,3,14,11,2,3,12,1,3,1,38,1
2,4,6,8,9,0,1,26,9,0,156,269,35,2,129,1,1801,27,3,27,8,23,17,2,29,6,30,14,4,101,1,5,1,7,2,2,13,8,36,49,3,12,13,15,52,5,4,5,5,2
45,1,18,62,14,5,5,4,57,3,24,4,21,20,93,2,4,21,15,1,123,0,32,27,30,11,0,8,3,5,10,1,5,9,4,24,4,16,4,2,0,31,17,17,0,13,0,6,1,11
4,3,3,1,0,4,1,3,2,1,3,0,1,2,2,1,1,0,0,11,7,2,1,5,3,0,2,0,1,1,0,6,1,1,9,5,0,3,4,3,3,2,2,2,9,4,2,6,0,2
0,16,13,31,2,12,14,2,5,4,23,37,38,17,13,2,22,10,3,12,0,9,4,0,0,32,3,1,10,4,50,7,52,4,2,1,12,0,11,3,12,8,38,74,16,10,11,39,3,2
13,9,9,7,2,8,7,1,28,4,1,43,1,32,12,12,4,2,43,6,6,4,7,6,45,142,2,15,2,0,6,5,5,9,3,4,0,1,0,13,35,4,47,0,3,0,1,0,17,4
1,11,41,13,15,1,4,23,0,36,1,7,8,4,0,3,7,5,0,23,5,3,16,2,4,3,0,3,14,6,2,0,4,7,2,1,1,10,3,30,8,5,1,8,14,4,43,1,1,20
2,37,3,6,4,11,20,6,7,2,7,1,2,20,2,5,0,9,69,8,1,1,12,8,9,14,5,2,19,42,2,175,6,8,9,2,47,3,0,10,21,7,18,11,6,8,1,58,2,4
4,3,5,6,101,2,3,6,7,21,8,6,13,1,5,6,22,36,13,1,0,21,30,49,0,6,2,12,10,11,12,2,0,44,8,49,11,9,16,39,7,6,11,9,0,22,1,5,12,36
4,3,0,6,6,0,7,1,2,1,6,10,1,0,5,0,2,33,5,1,37,3,11,0,3,5,4,0,25,0,1,0,7,1,1,4,1,23,1,4,12,6,12,0,40,2,2,13,13,16
1,26,0,12,2,1,1,1,0,8,18,5,2,4,1,3,7,1,4,0,6,1,14,0,7,0,3,21,12,4,0,3,0,0,1,4,0,6,19,0,2,0,5,10,0,1,0,2,35,10
0,2,22,8,3,7,1,16,2,1,3,12,2,6,1,11,0,1,9,2,2,8,0,8,9,47,1,5,2,5,21,17,3,6,5,0,0,0,6,3,3,5,1,3,8,24,1,6,5,7
2,15,27,5,16,10,4,11,8,13,6,11,0,21,5,13,9,0,36,4,13,11,5,4,9,3,7,109,33,3,5,0,26,1,2,2,0,0,13,33,4,2,3,42,0,1,58,51,1,0
23,0,4,3,27,1,1,9,25,47,16,2,5,16,3,2,0,2,5,3,2,1,0,4,1,1,53,21,0,2,21,1,9,5,3,2,6,0,2,7,1,3,0,9,2,19,3,3,11,7
1,1,48,0,27,4,3,2,0,5,0,8,2,2,3,11,0,24,5,0,2,0,34,56,41,8,1,3,11,0,1,0,22,2,1,2,6,0,3,1,60,5,6,2,20,16,0,1,0,2
2,30,0,5,1,25,15,181,5,27,1,4,7,5,1,16,0,17,2,4,28,29,7,7,0,13,100,0,33,0,6,4,2,31,0,1,3,1,115,16,17,0,4,5,5,3,46,0,16,72
5,6,1,2,2,4,12,15,3,2,5,3,1,12,25,3,7,2,1,2,1,0,12,13,2,13,24,1,3,16,0,5,0,17,13,2,10,10,1,6,3,10,12,10,20,2,2,13,0,6
3,1,0,1,13,1,11,244,0,62,0,1,12,11,1,1,3,4,3,36,90,8,7,28,46,1,1,0,0,5,57,177,0,7,15,4,1,16,2,40,0,39,30,0,13,0,0,0,70,178
3,1,4,4,24,4,46,42,28,20,1,85,1,8,4,1,3,53,34,11,27,56,1,2,248,68,32,206,496,4,60,1,5,266,3,10,12,0,0,18,12,2,10,1,8,34,14,158,14,29
174,29,125,7,0,5,5,42,2,66,1,36,10,242,41,3,20,95,48,3,19,860,149,1,8,2,26,0,73,0,61,16,0,0,10,1,134,1,11,65,14,81,0,2,24,7,40,2,4,1
2,3,4,1,2,3,0,0,11,3,23,10,5,3,9,34,4,7,12,8,14,1,6,24,5,6,9,32,8,22,9,3,7,5,2,2,3,10,2,2,5,0,1,7,10,0,1,3,8,18
0,6,18,5,0,1,0,18,4,1,14,3,5,9,3,0,19,5,2,2,8,22,0,26,2,3,17,14,25,2,8,1,17,6,4,10,12,9,1,3,10,0,6,4,8,17,2,1,4,1
1,0,22,38,15,0,1,5,0,26,2,3,13,18,2,1,7,0,21,2,13,0,36,0,13,13,6,10,2,5,1,1,11,0,6,15,9,8,7,14,0,2,10,16,3,2,2,1,2,1
3,21,0,1,0,3,0,5,2,0,1,2,18,13,6,0,3,1,1,4,7,7,5,2,0,8,1,24,15,2,0,19,13,0,16,1,2,8,7,6,0,3,3,10,2,1,47,15,11,0
7,0,6,7,8,8,3,8,23,3,51,2,0,13,0,3,0,5,5,0,5,1,1,1,3,56,72,35,19,7,1,31,7,0,1,2,1,20,3,28,2,0,3,11,10,1,7,1,4,10
5,5,5,7,2,62,5,6,0,0,0,11,1,27,8,3,6,0,3,4,12,1,23,2,10,4,37,0,5,3,8,24,13,7,4,8,26,2,5,6,2,6,3,1,13,13,27,1,8,5
2,6,12,1,39,0,0,0,9,6,9,6,7,11,9,5,3,5,4,28,4,1,2,4,10,3,5,4,6,6,6,0,2,4,12,5,7,22,8,3,4,5,2,1,0,0,1,29,15,1
16,74,32,6,2,2,3,49,12,6,1,23,28,22,1,0,7,1,4,21,2,0,3,20,10,4,4,7,3,31,8,0,1,8,1,6,35,7,5,15,13,17,22,0,13,5,3,2,18,3
9,93,1,0,36,6,1,11,3,2,15,81,31,187,3,9,7,26,0,11,37,5,4,15,15,10,48,52,6,73,6,7,447,3,1,1,7,22,11,0,69,8,7,3,3,4,27,2,1,21
4,0,1,10,0,29,1,1,3,1,21,1,37,5,7,11,1,3,23,8,0,3,10,0,7,4,5,2,2,5,2,1,9,5,10,6,79,1,38,6,0,0,1,1,1,5,3,6,1,2
2,1,2,16,0,0,13,0,6,18,10,1,17,0,5,7,1,14,2,13,4,6,9,6,2,3,8,0,2,14,7,3,2,1,7,7,2,8,7,5,2,10,21,3,2,1,14,0,9,20
0,17,19,4,38,26,16,0,13,1,6,0,26,2,0,0,4,18,5,12,4,4,2,25,2,5,1,4,6,6,8,8,1,14,8,4,28,2,18,7,10,3,2,47,9,8,7,1,8,6
35,5,5,1,2,14,0,0,2,1,1,3,3,2,0,4,7,0,5,32,1,3,1,8,1,29,6,1,2,6,8,0,1,14,6,0,7,10,0,10,17,4,2,0,4,4,1,3,4,0
2,10,0,8,2,8,1,2,5,8,6,0,12,0,3,2,6,1,3,1,0,0,1,1,1,3,3,18,2,4,2,2,3,0,2,8,1,20,9,6,0,16,2,0,6,6,0,0,42,8
4,2,110,11,4,1,0,0,3,3,0,0,2,8,12,1,0,5,39,2,38,11,11,14,1,1,42,1,8,2,4,51,1,12,30,0,65,2,4,1,9,54,6,0,2,6,33,50,28,0
12,6,1,2,7,10,9,17,15,2,26,2,7,3,6,0,3,2,4,2,3,30,5,7,5,4,5,1,4,3,0,0,15,20,5,4,1,1,6,4,1,2,5,3,7,0,2,7,6,5
4,4,3,7,2,4,3,18,2,0,2,0,76,4,9,4,8,2,13,8,2,2,2,0,2,14,11,0,2,1,0,1,6,0,0,3,8,3,14,0,2,3,3,1,4,0,28,2,2,4
9,4,21,2,5,8,2,1,22,16,55,13,1,0,8,0,10,0,23,1,29,11,52,6,14,17,0,1,6,13,29,2,1,10,28,0,10,9,12,0,15,5,5,2,0,1,6,0,1,3
0,0,13,1,1,3,3,4,1,1,5,1,3,16,0,10,4,4,7,0,0,4,5,2,1,6,16,0,1,1,3,1,13,3,0,20,6,2,0,9,3,1,13,0,1,0,3,4,1,2
41,1,0,0,30,15,8,10,3,0,1,1,54,4,5,8,0,14,6,1,18,9,15,25,10,3,13,4,7,0,9,89,12,12,5,9,0,1,12,5,19,7,6,19,3,4,1,28,6,15
2,9,1,0,2,2,5,4,0,5,3,2,6,5,3,3,9,1,3,12,1,6,8,1,3,1,4,4,8,2,2,16,7,6,7,1,1,8,14,13,8,1,3,1,0,3,1,4,3,4
1,49,5,4,1,0,1,2,0,0,22,0,3,1,0,16,0,2,2,1,3,16,3,7,14,12,2,3,3,0,3,5,1,12,1,1,0,0,1,12,4,5,1,4,1,0,5,6,6,5
369,34,21,59,2,14,21,3,3,3,72,1,3,40,6,5,0,2,2,10,0,8,1,5,6,12,37,3,5,48,0,0,2,1,1,1,1,9,22,26,28,14,38,3,0,71,10,42,5,0
1,2,5,4,4,7,16,4,4,3,6,9,36,3,10,21,15,5,14,10,0,4,4,6,11,33,6,1,1,1,49,3,1,5,3,14,13,3,5,5,5,0,2,2,2,3,0,1,17,5
8,1,8,5,5,3,9,10,0,2,1,51,4,2,9,3,6,1,3,15,2,1,3,13,3,11,4,0,1,18,4,23,13,8,3,3,12,2,9,4,31,22,18,3,12,8,4,6,14,14
71,117,80,4,32,0,8,7,14,11,5,5,48,0,10,8,4,4,0,18,14,2,38,10,10,6,54,8,3,10,8,1,2,4,1,9,12,12,9,11,12,4,4,6,25,0,22,1,5,3
0,11,13,0,47,0,2,1,3,24,1,5,5,45,4,43,5,0,0,3,16,0,4,2,1,10,30,22,9,0,0,4,7,30,22,1,2,2,21,0,2,0,2,14,3,1,1,1,1,37
0,6,2,44,13,21,5,0,27,17,4,19,20,8,6,14,5,13,0,3,2,28,9,4,2,71,14,1,6,1,1,22,0,6,10,41,0,0,0,2,5,10,12,29,0,44,17,27,3,9
1,3,3,1,6,10,60,3,2,57,8,3,37,22,16,66,20,2,28,14,2,53,1,13,0,18,2,0,17,15,2,36,91,55,2,0,0,7,0,13,6,0,40,61,18,13,7,3,10,2
6,0,2,6,15,1,4,2,2,4,13,1,5,16,2,0,11,6,5,6,4,1,20,7,10,4,0,0,0,10,0,2,0,1,1,0,22,1,6,2,5,3,2,1,3,5,14,3,6,13
1,4,16,8,18,7,14,18,17,4,9,8,4,4,53,63,0,0,23,0,12,7,5,12,12,8,9,4,83,7,4,8,11,4,14,2,29,2,3,2,0,15,3,0,17,14,24,1,4,3
7,5,14,4,3,7,3,0,16,2,9,7,9,1,5,1,1,37,0,0,40,1,0,14,0,115,3,7,96,36,32,79,18,11,78,107,6,2,5,4,4,1,14,0,10,0,1,9,34,4
4,4,0,3,14,2,2,3,8,1,139,9,4,21,16,0,0,43,20,7,0,31,18,4,0,20,5,41,1,2,23,36,23,1,5,0,4,9,35,16,7,0,0,4,10,45,10,15,2,9
15,14,2,5,1,4,2,33,1,11,0,9,1,3,6,9,4,8,6,42,22,5,0,12,6,3,7,8,15,20,4,27,5,3,2,33,13,61,1,6,7,1,1,1,2,3,0,3,0,1
22,6,1,7,3,2,10,4,1,7,0,4,7,4,42,5,8,1,8,2,0,1,11,7,1,13,18,3,5,2,0,13,12,6,0,25,4,6,9,3,17,1,2,0,18,9,4,1,1,10
7,3,15,4,0,0,5,19,5,2,26,10,3,1,0,12,3,10,88,1,0,0,0,0,2,5,8,1,1,0,44,0,21,6,0,16,28,2,2,1,17,8,13,9,0,7,5,12,1,13
5,8,17,6,47,12,34,26,0,8,0,2,30,0,7,2,8,3,40,6,6,1,1,13,0,7,8,17,24,25,1,34,2,5,0,6,8,0,1,0,0,16,1,28,24,4,6,14,5,2
7,7,4,3,2,7,8,1,2,1,1,3,1,9,2,1,2,4,3,8,4,4,8,1,11,1,0,17,1,3,13,13,1,0,2,9,3,9,4,0,8,14,4,3,4,1,2,7,0,3
18,3,2,0,2,2,5,1,2,4,0,6,13,0,27,24,2,1,8,14,16,1,18,1,2,1,4,0,1,1,3,51,9,13,1,11,3,1,22,2,3,0,7,0,7,6,3,39,16,14
3,0,9,1,3,2,2,1,1,1,3,5,7,7,6,14,0,9,10,0,12,3,0,4,0,5,4,2,23,13,4,7,0,2,2,2,0,15,3,0,0,0,1,3,1,4,7,0,2,6
11,5,1,0,8,3,2,2,6,1,1,6,1,0,2,2,7,3,0,0,8,0,16,4,1,4,11,0,1,2,8,10,8,29,29,48,7,4,5,16,11,216,6,1,2,11,0,16,10,33
1,6,6,1,3,9,4,4,1,4,17,1,18,0,13,2,4,0,7,2,2,5,1,1,4,2,8,0,4,2,1,1,7,7,16,2,8,4,3,7,7,1,3,3,1,2,11,4,4,10
4,1,1,0,0,10,1,5,19,7,2,0,18,18,6,7,4,0,1,1,27,1,19,7,7,2,2,1,3,2,9,0,21,1,1,15,1,2,0,1,1,17,1,1,12,1,4,1,4,0
5,17,0,5,21,7,9,13,13,0,3,14,0,22,1,3,24,13,52,6,0,1,3,1,10,6,10,13,14,34,2,25,121,0,67,1,212,2,5,5,9,30,37,0,1,9,9,1,39,3
18,47,55,3,6,16,8,3,2,23,75,3,16,94,19,27,12,1,6,13,1,6,36,7,14,13,44,3,42,1,14,1,13,9,22,21,89,2,1,32,74,44,4,15,18,20,69,13,50,3
4,3,2,5,3,0,8,19,5,4,17,0,2,0,6,0,0,0,3,4,1,2,1,0,1,0,1,4,4,7,6,12,4,11,6,0,3,3,9,4,18,10,2,1,7,4,3,4,7,0
0,22,4,7,11,6,0,2,1,1,3,19,23,6,4,1,12,6,3,0,3,37,3,1,0,6,32,18,0,1,11,108,4,12,8,0,12,19,6,14,5,3,4,6,3,2,2,18,7,1
4,1,4,44,4,19,9,0,19,7,4,47,27,9,1,10,45,8,6,13,5,0,0,17,1,3,16,69,156,6,3,8,2,7,1,0,6,27,0,2,3,1,4,2,10,0,2,2,2,23
1,1,74,27,28,7,2,16,4,5,8,7,0,22,14,5,5,6,108,24,3,18,0,5,0,15,11,42,0,4,0,132,191,18,3,42,0,3,6,1,2,4,2,0,22,17,19,3,25,2
1,17,1,9,173,11,4,24,38,46,27,12,7,6,1,4,48,7,6,12,0,0,0,0,11,14,1,14,6,16,2,6,2,2,43,0,7,6,1,8,4,4,51,125,5,15,1,0,12,11
0,8,18,7,4,19,3,2,8,0,7,4,0,5,1,12,0,0,2,2,3,5,1,0,3,2,5,42,3,6,7,4,6,13,11,3,14,2,3,18,3,73,2,1,13,2,3,1,6,3
4,2,3,4,2,17,5,6,26,0,2,0,1,93,0,2,1,4,30,1,20,3,12,2,2,5,1,12,97,1,3,1,17,22,0,7,61,8,25,6,18,0,0,4,6,1,15,2,0,12
43,1,0,2,11,2,4,41,7,10,0,2,5,11,2,25,2,7,0,48,1,16,0,7,5,12,6,12,3,0,13,0,3,0,2,3,0,10,3,9,0,39,0,1,3,1,5,3,12,9
6,5,1,5,19,6,20,1,0,31,58,67,6,4,13,17,34,4,1,7,3,6,5,0,16,17,4,0,4,10,6,35,4,15,4,16,23,9,7,15,2,13,7,28,4,3,3,27,16,28
4,5,2,9,1,2,1,3,3,2,12,4,0,3,41,11,2,0,6,0,0,2,0,2,3,1,2,3,1,3,6,4,8,7,1,10,1,8,4,1,1,5,1,15,3,6,2,2,1,12
10,0,8,1,73,2,30,0,2,19,3,8,4,1,2,4,3,2,1,15,7,3,0,45,11,7,3,3,12,2,5,4,13,16,5,12,25,5,2,10,1,12,0,8,25,1,2,9,14,0
3,6,11,7,5,14,0,3,2,2,10,0,1,11,5,0,0,4,0,17,3,2,5,7,2,4,57,2,2,1,5,6,5,6,9,0,9,16,1,2,4,8,8,9,1,12,5,12,1,11
7,8,8,54,12,7,9,3,9,2,42,1,7,0,29,2,2,2,13,21,9,13,16,10,15,8,14,11,0,3,0,8,8,16,3,1,16,5,17,44,3,0,11,0,2,6,5,6,37,22
4,25,8,7,1,18,17,21,5,35,18,20,13,6,9,5,2,2,10,8,4,1,12,1,11,5,9,21,34,52,1,18,4,3,3,10,29,8,25,4,32,2,7,3,1,25,8,9,4,7
0,1,30,4,0,6,2,10,2,3,8,5,1,5,8,22,2,5,11,4,2,11,2,5,1,1,13,1,1,2,2,3,3,1,1,3,5,1,10,0,7,0,6,10,6,6,1,1,0,2
49,14,1,1,15,7,6,26,32,2,2,5,19,2,5,14,2,5,8,5,25,4,18,14,2,5,16,1,3,1,5,18,14,7,1,0,1,21,2,1,3,2,12,7,1,7,6,5,1,0
3,1,1,3,0,1,7,4,4,3,2,7,6,8,1,5,10,4,4,1,1,2,13,18,3,11,3,1,4,2,2,1,16,9,1,3,9,1,11,2,5,2,5,0,0,1,1,7,2,2
23,12,6,3,8,2,2,7,1,11,3,20,12,9,3,2,2,5,4,4,5,1,4,11,5,0,5,1,0,4,44,23,6,3,6,8,0,1,24,8,0,8,62,3,0,2,1,2,14,2
6,3,25,6,7,63,9,1,7,2,37,6,2,15,1,3,8,0,3,86,3,37,18,0,2,1,1,1,3,11,4,2,1,22,3,4,1,3,31,0,4,34,12,2,7,1,15,6,19,9
9,3,136,2,0,3,3,2,1,30,7,1,71,1,7,10,15,13,41,1,20,0,1,8,23,20,0,1,10,5,0,12,6,18,4,43,1,14,10,0,8,205,5,1,11,15,193,5,4,0
3,4,0,2,7,4,12,8,6,2,5,0,5,0,2,1,20,9,4,0,16,6,1,6,3,7,12,0,3,2,8,5,3,4,2,3,1,7,7,14,1,0,13,15,1,9,2,9,4,11
15,11,3,19,1,4,8,0,17,12,13,15,3,26,8,1,7,9,5,6,9,10,6,4,41,3,3,1,9,3,1,5,3,2,0,0,41,3,28,3,15,11,30,2,0,5,2,0,5,0
62,0,22,38,203,1,1,2,184,22,18,3,2,33,2,14,10,138,21,169,5,14,89,3,10,3,5,17,5,345,15,9,4,39,7,3,3,52,8,5,28,13,0,0,12,32,40,5,17,8
0,2,8,1,6,4,2,2,3,4,29,9,11,3,5,2,6,5,8,3,0,6,8,0,7,0,7,2,7,3,51,19,1,2,1,6,2,0,3,5,2,0,1,7,7,1,0,64,1,20
2,23,2,15,8,2,13,68,0,6,3,8,3,8,4,41,12,17,13,4,29,6,1,7,12,2,10,16,22,3,4,28,39,3,7,5,6,16,2,6,20,20,1,2,1,54,16,2,17,2
3,13,32,4,36,3,3,1,1,13,16,9,15,8,0,12,7,3,11,6,1,6,1,12,2,15,7,1,5,1,12,45,15,21,4,50,0,19,17,24,8,35,3,0,35,6,10,180,37,2
11,1,5,0,0,84,3,0,1,2,9,18,1,6,12,2,20,1,9,8,2,8,2,7,1,6,1,9,4,9,13,4,45,3,182,37,1,0,22,4,0,7,27,2,0,17,34,22,3,0
1,0,5,2,0,2,1,11,1,6,5,1,2,9,0,3,3,20,10,9,4,4,5,7,0,5,7,0,2,2,7,4,0,3,6,2,2,0,7,1,10,4,0,2,0,4,8,0,1,1
0,17,3,4,11,5,17,2,32,16,3,4,6,1,0,11,24,83,4,5,7,4,7,7,3,2,7,0,4,6,7,5,0,11,1,2,1,7,4,4,14,16,2,1,1,9,7,1,0,0
7,1,1,11,30,18,131,16,13,3,1,8,6,10,4,1,4,1,0,24,23,8,3,0,17,1,2,1,1,6,20,6,21,1,28,20,17,9,55,5,9,4,1,9,6,10,3,38,3,20
9,4,4,21,60,10,7,22,56,18,1,5,17,25,8,5,0,3,1,6,1,3,11,2,30,25,12,0,5,4,12,6,19,0,21,0,2,4,2,5,31,4,36,24,8,7,1,2,13,12
2,27,4,13,5,0,1,1,1,11,8,0,0,1,14,17,64,2,5,12,0,0,5,2,8,4,10,3,2,1,3,1,4,4,1,7,4,1,19,3,11,2,10,45,7,1,11,2,59,2
2,3,29,0,4,17,0,103,19,1,1,2,14,3,10,2,32,1,5,4,0,5,4,1,0,1,15,12,2,1,2,5,1,13,11,7,5,1,2,0,6,3,5,0,0,2,7,0,1,3
1,0,4,8,0,80,0,7,1,88,3,3,13,3,0,1,1,15,0,7,0,8,0,10,2,25,16,0,16,1,3,0,2,12,15,3,16,2,7,5,5,22,3,1,2,1,21,3,4,6
37,15,0,8,4,17,14,3,0,12,7,32,8,7,5,38,22,0,3,6,18,8,12,1,3,11,1,19,4,7,25,26,9,10,7,5,17,7,11,2,1,10,22,4,66,24,0,58,1,47
3,9,10,22,35,44,10,14,5,17,18,7,7,7,15,15,27,25,3,1,2,34,4,1,1,2,12,6,10,2,23,2,5,3,11,18,4,6,8,10,30,25,3,2,9,9,2,9,13,30
0,1,34,4,2,2,7,11,2,7,7,1,7,9,5,12,1,22,0,3,7,0,3,3,0,0,1,1,2,3,1,5,2,1,2,11,10,6,12,12,16,6,13,4,4,3,11,12,14,17
17,2,34,1,1,2,245,2,6,4,23,89,65,1,0,4,0,4,2,31,4,4,50,5,6,3,5,18,5,3,5,19,67,2,2,9,15,12,2,27,9,18,2,11,0,1,10,5,1,33
6,1,4,1,10,7,1,17,3,12,0,6,1,2,1,1,19,1,6,22,1,26,12,1,5,18,4,19,23,4,3,27,6,4,4,26,0,15,24,4,0,2,2,3,6,0,13,0,4,6
0,17,2,30,9,2,26,11,11,7,39,7,0,11,14,0,42,1,23,0,2,4,3,0,7,2,36,0,4,43,36,1,11,0,52,96,19,9,18,26,1,34,27,2,2,3,83,41,4,43
19,0,0,4,9,27,7,3,8,4,1,4,4,0,4,4,0,22,7,4,59,13,3,3,2,20,8,1,0,40,6,11,12,1,15,1,9,5,1,22,21,3,1,2,7,8,1,3,5,2
27,75,39,4,4,6,25,32,4,4,3,11,12,9,9,1,12,4,25,7,148,33,5,51,0,0,191,19,3,2,8,5,16,0,23,0,7,11,18,2,1,2,10,6,43,27,4,65,5,5
15,1,20,8,13,19,6,4,63,6,0,7,10,42,7,103,30,4,7,5,7,5,45,0,12,4,4,36,13,2,15,58,61,8,25,20,47,32,47,3,6,0,19,9,2,6,279,4,0,125
3,0,8,3,25,18,64,3,1,3,3,11,15,0,1,48,31,15,3,5,11,0,2,53,10,1,28,3,20,1,58,1,10,19,0,4,23,21,18,2,1,1,4,21,14,0,0,6,13,24
1,1,2,3,11,6,4,1,8,1,15,11,2,1,1,2,0,1,6,2,3,0,0,5,4,1,4,0,6,16,0,1,3,3,16,10,9,9,1,3,4,1,4,17,2,2,16,1,11,10
2,5,4,0,2,7,2,15,6,2,3,0,2,3,10,6,7,2,3,8,1,6,2,6,15,5,0,10,36,0,1,4,7,2,26,0,0,5,3,1,14,0,0,3,32,3,0,73,18,0
62,1,27,54,2,5,22,1,5,6,31,10,2,0,3,6,16,13,32,7,20,7,22,7,1,5,17,42,10,8,0,5,1,6,17,63,10,2,0,6,14,20,5,13,3,11,9,39,16,12
1,9,9,1,1,7,3,3,4,5,1,4,15,15,1,2,6,12,1,4,1,11,0,3,7,0,12,0,6,4,6,4,6,2,1,0,5,0,0,3,1,2,1,15,2,13,7,1,4,1
7,1,1,26,4,16,29,3,13,2,1,1,3,1,3,2,16,3,4,3,4,7,2,3,8,10,19,26,6,0,9,15,4,14,1,7,5,16,6,5,5,15,5,7,13,0,7,5,1,2
25,3,2,9,7,1,3,2,10,4,1,4,7,1,8,3,20,1,5,4,8,3,10,9,5,11,4,0,21,6,0,1,4,2,2,7,4,19,0,5,0,5,16,2,6,6,1,38,0,2
1,0,3,7,1,6,28,32,0,19,9,4,11,8,1,2,3,2,0,47,0,1,42,9,5,0,0,1,3,5,16,1,0,5,1,22,3,1,6,1,0,9,26,6,2,2,1,6,2,18
0,4,0,12,8,5,16,7,4,5,0,3,2,1,8,3,34,1,4,45,6,163,4,35,1,4,186,2,3,0,13,9,37,6,2,27,0,14,12,6,0,1,9,6,6,2,8,23,88,1
2,18,6,7,62,5,22,8,2,4,3,0,0,19,2,36,4,2,3,2,3,11,2,8,2,3,58,5,10,19,15,2,1,3,18,12,13,33,7,42,10,7,38,11,1,1,4,37,8,15
7,8,19,2,18,12,9,0,1,0,23,4,2,3,4,12,9,8,0,11,9,1,5,12,7,10,2,2,13,56,0,5,0,1,0,0,8,7,7,3,4,4,0,2,2,11,1,7,46,4
10,24,1,6,30,3,17,3,1,1,1,2,6,5,3,10,12,0,5,4,4,1,1,0,30,0,6,2,3,40,16,0,3,2,44,1,0,8,5,2,9,1,0,6,1,0,7,9,3,5
